adng_nm,x
구갈동,1
구성동,0
기흥동,0
남사읍,0
동백1동,0
동백2동,7
동백3동,0
동부동,0
동천동,0
마북동,1
모현읍,1
백암면,0
보라동,0
보정동,0
상갈동,1
상하동,6
상현1동,0
상현2동,0
서농동,2
성복동,0
신갈동,0
신봉동,0
양지면,1
역삼동,13
영덕1동,0
영덕2동,0
원삼면,0
유림동,9
이동읍,3
죽전1동,1
죽전2동,0
중앙동,10
포곡읍,0
풍덕천1동,0
풍덕천2동,0
